geo,name,1998,1999,2000,2001,2002,2003,2004,2005,2006,2007,2008,2009,2010,2011,2012,2013,2014,2015,2016,2017,2018,2019,2020,2021,2022,2023
afg,Afghanistan,,,,,,,0.00085,0.0009,0.00197,0.00193,0.00189,0.00364,0.0053,,0.00491,0.00474,0.00457,0.02089,0.02536,0.02573,0.04354,0.05199,0.06801,0.06642,0.07963,0.08009
ago,Angola,,,,,,,,,0.03726,0.05631,0.07388,0.06692,0.06439,0.06531,0.08147,0.08516,0.32308,0.54539,0.29032,0.32055,0.35007,0.36777,0.36326,0.39093,0.3867,0.37367
alb,Albania,,,,,,,,0.00884,,0.33081,2.13837,3.10656,3.60359,4.40357,5.5013,6.27864,7.16191,8.37878,9.19224,10.4757,12.5058,15.1193,17.7209,19.6304,20.6989,22.5049
and,Andorra,,,,,1.72616,5.18234,8.45207,13.3568,18.3653,22.6266,24.7584,27.3472,30.3596,33.1216,35.017,36.8833,39.017,42.5278,45.0118,46.4786,47.4482,47.543,48.656,50.2769,51.2051,51.7401
are,UAE,,0.01185,0.05648,0.22489,0.42034,0.72337,1.2677,2.77226,4.80366,6.75244,8.84669,10.294,11.3401,12.0422,12.7381,13.3038,13.2546,14.2305,14.3683,29.9083,32.3591,32.4803,34.3453,36.5005,36.8486,37.0968
arg,Argentina,,,,0.24984,0.38917,0.67366,1.3986,2.36307,3.99704,6.49728,7.70515,8.59391,9.75627,10.956,12.2115,14.6798,15.153,15.7689,16.5185,17.7082,18.9759,19.5519,21.1798,23.15,24.6832,25.3581
arm,Armenia,,,,0.00019,0.00026,0.00033,0.03308,0.06619,,0.1311,0.46618,1.35419,3.19289,5.49292,7.25581,8.31673,9.33763,9.80149,10.2498,10.8173,11.9399,13.2819,14.8884,16.2566,17.7301,18.5458
atg,Antigua and Barbuda,,,,,,,2.11131,7.28668,1.91182,2.77343,6.0136,19.0251,8.34388,6.94991,14.9782,17.7678,12.1151,11.1846,10.2935,9.94827,,8.75618,8.71023,8.66279,10.6818,
aus,Australia,,,,0.63412,1.31715,2.60754,5.04822,9.93373,18.9407,,24.8706,23.9682,24.8853,24.6978,25.0956,25.7399,27.7001,28.5118,30.3083,32.0326,33.5486,34.5434,35.3468,35.836,36.3933,36.6047
aut,Austria,,0.63694,2.37741,3.98646,5.58055,7.39911,10.6442,14.2663,17.3158,19.5493,20.7731,22.5106,24.5114,24.9926,25.2645,26.3223,27.5977,28.4069,28.8776,28.5426,28.515,28.3632,29.2106,29.2537,29.2343,29.3725
aze,Azerbaijan,,,,,0.01201,,,0.0254,0.0454,0.16538,0.67094,1.10542,5.19627,10.5213,14.6072,18.0146,19.7076,19.4759,18.2771,18.1092,18.8342,19.2178,19.5986,20.0857,20.3656,20.8825
bdi,Burundi,,,,,,,,,,,0.00188,0.00179,0.00375,0.00511,0.00697,0.01469,0.01574,0.02508,0.02887,0.03401,0.03318,0.03175,0.03353,0.03049,0.03007,0.02034
bel,Belgium,0.10722,0.22496,1.40674,4.47177,7.89142,11.9786,15.5446,19.187,23.2412,25.6894,27.8486,29.1619,30.8426,32.1032,33.2388,34.3085,35.782,36.5492,37.6813,38.4911,39.4007,39.9518,41.024,43.0218,43.5657,43.7026
ben,Benin,,,,,0.00027,0.00027,0.00099,0.00233,0.01723,0.00793,0.09128,0.20044,0.27593,0.37187,0.40164,0.39665,0.41178,0.64488,0.19062,0.23767,0.21831,0.19986,0.22939,0.15417,0.15307,0.17088
bfa,Burkina Faso,,,,,0.00039,0.00111,0.00114,0.00276,0.01193,0.04544,0.06728,0.07605,0.08472,0.0844,0.08344,0.07325,0.02967,0.04981,0.06405,0.06213,0.06761,0.05732,0.06508,0.07407,0.06691,
bgd,Bangladesh,,,,,,,,,,0.02954,0.03345,0.20991,0.27238,0.30503,0.38722,0.97445,1.95814,3.06992,4.09944,4.50131,4.92462,4.90289,6.04506,6.64247,7.1702,7.89246
bgr,Bulgaria,,,,,,,0.08583,2.15033,5.03478,8.29162,11.1942,13.3284,15.1221,17.0297,18.2007,19.5682,20.5011,22.4944,23.8177,25.3925,27.1034,28.8837,30.5043,32.7688,34.9668,37.0236
bhr,Bahrain,,,,0.16801,0.66206,1.20021,1.71624,2.29808,3.8837,6.45476,8.35342,11.7871,12.7684,24.158,24.2856,23.8669,21.9044,18.4749,16.2552,13.1015,8.43442,9.49013,10.1824,16.5058,18.0026,17.1582
bhs,Bahamas,,,,1.26252,2.27373,3.25996,3.768,3.89132,4.7624,5.80188,7.12052,8.70676,6.72204,4.16863,20.7554,19.129,20.1853,21.0247,21.9371,22.2462,20.6785,20.8513,20.9668,20.7423,21.1356,23.8163
bih,Bosnia and Herzegovina,,,0.00065,0.00163,0.00509,0.0359,0.16028,0.33448,0.98443,2.11019,4.77411,7.52909,10.2559,11.4984,12.7897,14.2931,15.2155,18.0469,19.0748,20.4261,21.1505,22.295,23.3508,24.5891,27.319,28.5064
blr,Belarus,,,,,0.0002,0.00125,0.0077,0.01618,0.11885,1.77563,5.01587,11.4889,17.5606,22.1485,26.755,29.4348,28.3377,30.6041,32.293,33.3125,33.7712,34.0724,34.8152,35.0098,34.0672,35.0932
blz,Belize,,,,,,0.35636,1.04053,1.7953,2.51669,2.52617,2.6439,2.66783,2.78381,2.96305,2.98223,2.8979,2.8373,4.87718,5.03804,5.09268,6.48509,7.67179,9.21159,9.10595,9.75386,
bol,Bolivia,,,,,0.03741,0.06342,0.09477,0.13859,0.18473,0.35079,0.80515,0.95978,0.9423,0.71062,1.10983,1.44251,1.59263,1.64281,2.57235,3.34958,4.38026,6.39917,7.88672,9.44574,10.9975,
bra,Brazil,0.00058,0.00403,0.05747,0.18775,0.40952,0.53496,1.72846,1.75095,2.55394,4.03572,5.26189,6.10683,7.27968,9.13182,9.71151,10.7622,11.9791,12.6354,13.2177,14.1218,15.1538,15.8622,17.4181,19.8363,20.9534,22.4192
brb,Barbados,,,,,,10.279,11.085,11.8873,14.3703,17.3738,18.0467,20.9048,20.4147,22.6821,24.1513,24.4172,27.9255,28.0544,31.0757,31.8877,31.8263,37.9802,45.4387,36.3513,37.4843,
brn,Brunei,,,,0.56878,0.81065,1.10721,1.77439,2.26404,2.45816,3.13234,4.47097,5.20299,5.53077,5.80512,4.89426,6.70157,7.26071,8.15349,8.44786,9.49045,11.2953,12.2425,15.8868,17.581,19.805,20.212
btn,Bhutan,,,,,,,,,,,0.30014,0.48675,1.2364,1.86544,2.33744,2.8239,3.40713,3.76361,2.20481,2.2148,1.42177,1.14719,0.41415,0.36457,0.63182,1.31882
bwa,Botswana,,,,,,,,0.08696,0.09602,0.18522,0.45642,0.50234,0.58915,0.92234,1.05453,1.00856,1.53266,1.67228,2.64264,1.43086,1.74169,2.10301,3.58604,5.54838,4.53192,3.41003
caf,Central African Republic,,,,,,,,,,,,,,0.01774,0.01312,,,0.04014,0.01561,0.01291,0.01246,0.01009,,0.00976,0.01608,
can,Canada,0.46442,1.91449,4.56733,9.08579,11.1461,14.1756,16.8551,21.5905,24.555,27.4244,29.4247,30.4201,31.6318,32.6506,33.4739,34.2683,35.2694,36.4699,36.8233,37.8277,38.7334,40.0768,40.795,41.6931,42.1792,42.5242
che,Switzerland,,,0.7853,1.93734,6.25409,10.689,16.6219,22.4604,27.4143,31.5503,33.4518,35.4268,37.2299,38.8955,40.16,42.4918,43.1732,44.6716,45.0861,46.3318,45.605,46.9124,46.4814,47.9433,46.6748,47.6963
chl,Chile,,,0.04954,0.42542,1.18839,2.19806,2.95838,4.33405,6.12777,7.81156,8.47544,9.72782,10.4145,11.591,12.3655,12.9766,13.9369,15.0681,15.9005,16.501,17.2067,17.865,19.4306,22.014,22.7902,22.9954
chn,China,,,0.00178,0.0263,0.25632,0.86666,1.91534,2.85109,3.85819,5.0093,6.21365,7.74497,9.34748,11.5043,12.7916,13.6989,14.4445,19.8438,22.9761,27.9101,28.7089,31.5611,33.907,37.5612,41.3736,44.7289
civ,Cote d'Ivoire,,,,,,0.00216,0.00422,0.00617,0.04867,0.04755,0.04648,0.04546,,,0.19673,0.23509,0.51721,0.43455,0.52475,0.53426,0.64054,0.76871,0.90391,1.13038,1.25179,1.36337
cmr,Cameroon,,,,,,,,0.00118,0.0024,0.00355,0.00463,0.00471,0.03027,0.05295,0.06654,0.07896,0.0763,0.08982,1.55529,1.58467,1.59561,1.57189,2.75682,2.23385,2.12862,
cod,"Congo, Dem. Rep.",,,,,,,,,,,,,,,,0.00059,0.00064,0.00123,0.00119,0.00115,0.00513,0.0128,0.03229,0.03127,0.03223,0.02199
cog,"Congo, Rep.",,,,,,,,,,,,0.00292,0.0056,0.02844,0.02936,0.00902,0.01005,,,,,,,0.2569,0.43588,1.26798
col,Colombia,,,0.0227,0.03483,0.08652,0.1574,0.30598,0.75645,1.47121,2.7919,4.04967,4.77684,5.90262,7.39764,8.61552,9.83199,10.799,11.7645,12.4648,13.1537,13.6229,13.9253,15.3363,16.4768,17.0075,17.037
com,Comoros,,,,,,,0.00017,0.00067,,0.01329,0.01748,0.01028,0.05024,0.05988,0.18089,0.18673,0.22249,0.22018,0.22029,0.21727,0.19842,0.16248,0.1481,0.15046,0.21937,0.38794
cpv,Cape Verde,,,,,,,0.05904,0.19315,0.36966,0.77249,1.47201,2.16778,3.15251,4.17091,3.87788,4.1392,3.72341,3.23345,3.03207,2.92322,3.04958,3.93928,4.82611,5.90962,6.56769,7.23009
cri,Costa Rica,,,,,0.22055,0.35948,0.66501,1.05401,1.92827,2.16883,2.47607,4.05917,8.69766,9.10623,9.61836,10.2813,10.8312,11.5951,13.131,15.1438,16.8377,18.0963,19.7191,20.9243,21.7576,22.5231
cub,Cuba,,,,,,,,,,0.01724,0.01989,0.02553,0.0328,0.03912,0.04435,0.04744,0.06905,0.07235,0.12807,0.29816,0.88035,1.63112,2.07272,2.67323,2.892,2.97118
cyp,Cyprus,,,,0.35436,0.82373,1.38788,2.32879,4.28172,8.32353,12.5725,18.4811,21.4899,23.1549,24.6113,25.4741,26.7127,28.7616,30.725,32.5787,34.215,35.8108,36.7753,37.0625,37.6671,37.8998,38.7322
cze,Czech Republic,,,0.02442,0.06059,0.14942,0.33848,2.29983,6.8974,10.7962,14.4785,16.9545,19.5386,21.6091,23.9064,25.2869,27.1727,28.4754,27.998,29.1491,29.8453,30.5513,35.4302,36.4491,37.4985,37.7137,37.91
deu,Germany,,,0.32397,2.56304,3.90528,5.44381,8.52694,13.1471,18.3315,24.2949,27.9989,30.8451,32.3663,33.7099,34.5501,35.3423,36.3409,37.4127,38.4991,39.9888,40.9651,42.1156,43.3049,44.0643,44.6186,45.3805
dji,Djibouti,,,0.00054,0.00065,0.00075,,,0.005,0.01776,0.12487,0.27455,0.5798,0.86622,1.19149,1.54198,1.79778,2.00475,2.36839,2.33941,2.3121,2.37974,2.24266,2.26685,1.39113,1.41246,1.47206
dma,Dominica,,,0.11677,0.25627,3.27351,3.86832,4.7386,4.94661,6.24945,7.26248,10.1664,10.6006,12.0696,12.0299,12.2978,15.3009,15.3255,21.5296,22.2495,22.5166,16.8891,22.3998,27.0611,20.9562,20.8601,
dnk,Denmark,,,1.25476,4.44127,8.39473,13.325,18.8283,24.7964,31.9143,34.8531,36.5083,36.6222,38.076,38.4725,38.9767,40.4678,41.4926,42.3133,42.9699,43.5698,43.7691,43.623,44.4186,44.9598,44.8864,44.0345
dom,Dominican Republic,,,,,,0.16703,0.4092,0.65771,1.10136,1.83755,2.4978,3.25513,3.97656,4.26237,4.80244,5.1669,5.81644,6.57516,7.21471,7.69279,7.98202,8.5357,9.37345,10.3195,10.6744,11.1346
dza,Algeria,,,,,,0.05594,0.11033,0.40774,0.5056,0.83956,1.393,2.30485,2.487,2.65762,3.06737,3.3321,4.08032,5.6706,7.00004,7.70046,7.21567,8.27527,8.60645,9.33184,10.3517,12.0087
ecu,Ecuador,,,,0.02032,0.04947,0.05172,0.08539,0.19345,0.32656,0.6979,1.0703,1.6271,1.46796,4.29932,5.41802,6.69605,8.2296,9.14528,9.75203,10.6125,11.4584,12.0672,13.5147,14.0284,15.1129,16.0679
egy,Egypt,,,,,0.06681,0.07045,0.09967,0.17386,0.31261,0.56651,0.89646,1.23139,1.62746,2.02567,2.45679,2.80726,3.14562,3.84188,4.39685,5.04732,6.26825,7.04131,8.53963,9.76582,10.6832,10.8645
eri,Eritrea,,,,,,,,,,,0.00156,0.00242,0.00401,0.0047,0.00609,0.00475,0.00646,0.0161,0.0192,0.03174,,0.09259,0.15192,0.14925,0.16539,
esp,Spain,,,0.18615,1.13127,2.98761,4.99201,7.86734,11.4543,15.0778,17.6986,19.7598,21.0155,22.7418,23.7623,24.5107,26.1459,27.8359,29.0099,30.1986,31.2965,32.2277,32.922,33.9528,34.9302,35.7846,37.2148
est,Estonia,,,,1.25878,3.37095,6.58715,10.1768,13.2266,18.3238,19.7619,22.0377,23.5008,26.1282,26.2888,26.4254,27.3877,28.2254,29.6883,31.4989,32.522,33.3725,33.8508,34.27,37.3572,39.7219,35.254
eth,Ethiopia,,,,,,0.00008,0.00005,0.00008,0.00032,0.00125,0.00175,0.00397,0.00454,0.00682,0.00891,0.24184,0.46609,0.4602,0.52381,0.0574,,0.13738,0.17827,0.39938,0.45158,
fin,Finland,,,0.67617,2.5829,5.25906,9.42076,15.3018,22.3824,27.1351,30.5746,30.4514,29.3246,29.0751,29.8056,30.4324,31.6268,32.197,31.5691,31.1529,31.0435,31.4917,32.544,33.3839,33.6397,34.2952,35.3318
fji,Fiji,,,,,,,,0.79331,0.95466,1.28086,1.44244,1.41418,2.55377,2.54658,1.47729,1.19245,1.35432,1.38627,1.34165,1.3208,2.08214,2.34496,2.52054,2.51573,2.53377,
fra,France,0.02318,0.09426,0.33051,1.00409,2.74337,5.87638,10.725,15.3688,20.4851,25.2273,28.4007,31.458,33.6454,35.6938,37.4346,38.7341,40.1422,41.3871,42.5278,43.6243,44.4142,45.2765,46.4712,47.6442,48.2502,48.6688
fsm,"Micronesia, Fed. Sts.",,,,,,0.00534,0.02323,0.04129,0.08579,0.10557,,,0.92803,,,1.90805,2.8525,3.01428,2.90534,3.449,,4.53383,5.4095,5.37519,5.81819,
gab,Gabon,,,,,,0.0123,0.04572,0.10454,0.11688,0.12742,0.13689,0.2225,0.23734,0.25253,0.27073,0.46522,0.5459,0.54297,0.71504,0.68371,0.95312,1.07496,1.92061,2.65142,3.30549,3.97293
gbr,UK,,,0.08956,0.55822,2.27824,5.20509,10.1777,16.3355,21.3149,25.3608,27.9071,28.6007,30.3961,32.4187,33.9048,35.782,36.5828,37.7215,38.6589,39.2489,39.8294,40.0228,40.5775,41.1135,41.2867,41.4368
geo,Georgia,,,,0.01021,0.02229,0.03451,0.04684,0.05936,0.67558,1.17792,2.8451,3.82756,4.68264,6.42341,12.0611,13.5709,15.8407,16.7647,17.9596,20.4644,22.5911,24.6806,25.512,26.6464,28.3337,29.3086
gha,Ghana,,,,,,,0.00412,0.00848,0.05533,0.06851,0.09476,0.11423,0.20445,0.24966,0.25485,0.2512,0.25023,0.25485,0.29498,0.18931,0.19998,0.1872,0.24577,0.35224,0.62494,0.55548
gin,Guinea,,,,,,,,,,,,,0.00481,0.00563,0.00641,0.00715,0.00784,0.0085,0.00911,0.0091,0.00955,0.00959,0.00748,0.00729,0.00628,
gmb,Gambia,,,,,,,0.00222,0.00426,,0.01523,0.0165,0.01603,0.01817,0.02203,0.02447,0.02082,0.12673,0.16062,0.1642,0.17078,0.18474,0.20351,0.19875,0.1941,0.21582,
gnb,Guinea-Bissau,,,,,,,,,,,,,0.05107,0.06219,0.07285,0.08561,0.08012,0.05883,0.04837,0.04544,0.06264,0.06236,0.11837,0.16043,0.21918,0.31045
gnq,Equatorial Guinea,,,,,,,,0.019,0.01818,0.01737,0.0166,0.01585,0.09974,0.10839,0.11442,0.26132,0.27725,0.26129,0.22424,0.12142,0.10022,0.05987,0.10737,0.09768,0.10069,
grc,Greece,,,,,,0.09595,0.47002,1.45805,4.43151,9.21147,13.6049,17.2544,20.2492,22.1831,24.3425,26.5619,28.9729,31.7814,33.5486,35.1351,36.9203,38.3566,39.7876,41.9213,42.923,43.854
grd,Grenada,,,,,0.51935,,0.55707,2.93619,5.03382,6.87646,8.07423,11.1196,12.938,13.0926,14.1875,15.8608,16.4818,17.2285,18.0848,19.2614,23.3268,27.4071,27.4641,26.1175,29.7674,
gtm,Guatemala,,,,,,,,0.20711,0.29175,0.41752,0.67814,1.09739,1.78619,,1.85758,2.29296,2.76586,2.87913,3.11026,3.2051,,3.42029,3.52589,3.47754,5.02439,5.08083
guy,Guyana,,,,,,,,0.26284,,0.31208,0.67373,0.9072,1.49388,2.75279,4.01735,4.91986,5.99619,7.07543,7.49174,8.44382,,10.2765,11.765,11.6496,12.9356,
hnd,Honduras,,,,,,,,,,,,,0.01195,0.6708,0.70312,0.77611,1.7417,2.13676,2.34145,2.48527,3.63393,3.9259,3.92223,4.09584,4.4098,4.36213
hrv,Croatia,,,,,,0.07895,0.60788,2.69359,5.83438,8.96789,12.2372,16.6419,19.48,20.8566,21.5819,22.5043,23.3319,23.5726,25.2341,26.8651,28.0156,28.9683,26.0745,26.7158,27.6607,28.471
hti,Haiti,,,,,,,,,,,,,,,,,,0.01281,0.01263,0.2764,0.2837,0.28005,0.27571,0.27254,0.30679,
hun,Hungary,,,0.03336,0.30869,1.09936,2.61462,4.07614,6.47435,11.9323,14.4957,17.6763,19.7645,21.6394,23.2549,24.1618,26.2622,26.1642,27.6322,28.6888,30.2136,31.5063,32.6466,33.4922,34.8392,36.5338,36.7902
idn,Indonesia,,,0.00185,0.00685,0.01725,0.02737,0.03725,0.04687,0.08308,0.32851,0.40871,0.76631,0.92581,1.09688,1.18046,1.27097,1.31336,1.52139,1.97538,2.32504,3.2873,3.77423,3.92994,4.48746,4.82152,4.81664
ind,India,,,,0.00464,0.00751,0.01257,0.02069,0.11674,0.1961,0.26288,0.43711,0.63203,0.88381,1.05859,1.1717,1.15198,1.2002,1.27579,1.38795,1.31327,1.32178,1.37913,1.63623,1.9488,2.35232,2.74535
irl,Ireland,,,,,0.26983,1.04685,3.74072,7.7612,13.1583,17.2691,19.8672,21.5358,22.3721,23.3814,24.175,25.7144,27.0222,27.8463,28.6148,29.0795,29.3513,29.6453,30.4353,31.3616,31.5363,31.8911
irn,Iran,,,0.00026,0.00098,0.02378,0.02719,,,0.13625,0.26809,0.39728,0.52316,1.27556,2.70427,4.79232,6.41818,7.53996,7.99893,9.0781,10.1144,11.3876,9.90927,10.9027,12.0681,12.2102,12.0206
irq,Iraq,,,,,,,,,0.00009,0.00035,0.00019,0.0004,0.01004,,,,,,,10.9105,11.1567,11.0678,14.8495,14.8275,14.4913,17.2313
isl,Iceland,,0.02918,0.83831,3.65686,8.4386,14.3544,19.0863,26.283,28.8732,32.0955,33.3897,33.6058,34.3263,34.9643,35.3508,36.2681,36.5321,37.5994,38.1505,39.1883,39.1065,38.603,38.6826,38.4077,37.4213,37.4246
isr,Israel,,,,0.70072,3.62669,9.73578,14.8146,18.2757,20.7626,21.9535,23.7765,23.9103,24.0161,25.1509,25.4608,25.8472,26.9843,26.984,27.503,28.0083,28.6132,28.6568,29.5678,29.7079,29.1677,29.4357
ita,Italy,,,0.2008,0.68056,1.4803,3.8968,8.12094,11.658,14.4626,17.1246,18.9321,20.1732,21.7705,22.3939,22.7375,23.1032,23.7084,24.5978,25.7337,27.4653,28.4649,29.0545,30.2586,31.2853,31.1914,31.8411
jam,Jamaica,,,,0.12327,0.34083,0.33878,1.01039,1.67469,2.52661,3.41838,3.57065,4.09942,4.2453,4.28434,4.4382,5.05861,5.42475,8.16725,10.1807,8.49219,10.0974,11.2602,13.622,14.5718,14.9602,15.7852
jor,Jordan,,,,0.00744,0.05657,0.08701,0.17722,0.39059,0.75648,1.30094,2.08642,3.33246,4.01911,3.96518,3.95794,4.10898,4.0013,3.245,2.97135,3.24328,3.81939,4.28693,5.80333,6.45877,7.07365,7.03749
jpn,Japan,0.02533,0.17068,0.67281,3.01351,7.37142,11.684,15.301,18.2163,20.6558,22.0966,23.5008,25.6358,26.6035,27.8667,28.2443,28.9051,29.6415,30.542,31.3036,31.8991,32.6965,33.5459,34.8371,35.9392,36.8414,38.6312
kaz,Kazakhstan,,,,,,0.00634,0.0126,0.01876,0.1894,1.66308,2.05339,3.47382,5.16487,6.99285,9.46082,11.1573,12.0564,12.7238,12.7965,13.8114,13.0002,13.0799,13.4503,13.9468,14.474,14.3457
ken,Kenya,,,,,,,,0.01508,0.04802,0.04663,0.00837,0.04504,0.01651,0.12663,0.12383,0.16481,0.22109,0.28692,0.27566,0.58601,0.73993,0.95929,1.29112,1.48254,1.47647,2.38883
kgz,Kyrgyz Republic,,,,,0.0007,0.00269,0.03665,0.04369,0.05229,0.05863,0.35624,0.32151,0.41977,0.69782,0.95873,2.34937,2.89415,3.52424,3.94327,4.14802,3.95179,4.14366,4.33664,4.43258,5.60484,6.44653
khm,Cambodia,,,,,0.00039,0.00321,0.00589,0.00744,0.02126,0.06105,0.11808,0.21013,0.24596,0.14943,0.19895,0.21521,0.42938,0.53448,0.61592,0.83139,1.02123,1.11872,1.3977,1.98089,2.96383,3.64182
kir,Kiribati,,,,,,,,0.32845,0.40193,0.49379,0.65725,0.71853,0.77826,0.76821,0.71248,0.61491,0.43355,0.10016,0.09284,0.09229,0.07126,0.08473,0.14671,0.08646,0.06898,0.03999
kna,St. Kitts and Nevis,,,,,1.08648,4.33125,9.50016,13.9975,18.8967,20.5541,23.7088,27.7091,31.1659,26.8737,27.6402,28.2564,29.7692,34.7782,30.1179,62.2147,34.8473,43.4039,45.9569,43.0255,46.7447,
kor,South Korea,0.03027,0.59759,8.27513,16.6187,21.9993,23.5267,24.9941,25.4761,29.2516,30.5325,32.0018,33.676,35.2563,36.3533,36.8,37.4218,37.9883,39.276,40.0712,41.1681,41.219,42.0374,43.0541,44.2526,45.4542,46.5676
kwt,Kuwait,,,,0.24899,0.50972,0.61615,0.92708,1.11767,1.26864,1.3956,1.50862,1.60974,1.56283,1.50025,1.40844,1.33989,1.30941,1.43436,2.53224,2.8334,2.40138,1.90435,1.68058,1.61587,1.36328,1.01366
lao,Lao,,,,,,0.00044,0.00086,0.00535,0.01243,0.01874,0.0471,0.06916,0.09291,0.10186,0.11625,0.13651,0.24047,0.21392,0.35355,0.38781,0.63663,1.05394,1.67211,2.02269,2.38186,2.72021
lbn,Lebanon,,,,,,,,,,1.03218,2.03031,3.94609,6.56755,7.89497,9.09489,8.35737,17.8374,,,,,7.24814,7.57699,7.55615,7.29167,
lbr,Liberia,,,,,,,,,,,0.00288,0.0038,0.00458,0.00149,0.01198,0.11364,0.13145,0.15023,0.16822,0.18561,,0.21809,0.25245,0.24718,0.27467,
lby,Libya,,,,,,,,,,,0.7416,0.98953,1.12037,1.10354,1.08912,1.02623,0.97709,0.93389,2.547,4.71896,,4.57486,4.7123,4.653,4.51841,
lca,St. Lucia,,,,,,0.85902,2.3137,4.23089,4.30631,6.60356,9.19802,10.9414,11.9896,12.4213,14.238,14.2494,16.1935,16.2523,16.958,18.049,18.2271,8.8849,19.9725,10.6754,13.5719,
lie,Liechtenstein,,,,,4.25879,4.40399,13.7864,24.8393,28.5919,40.3111,43.872,44.749,42.3623,37.4828,39.3923,40.6827,42.0041,41.9679,42.3634,42.9406,43.8302,44.6748,46.5602,47.5207,48.9305,49.4065
lka,Sri Lanka,,,,0.00167,0.00299,0.01713,0.1018,0.10387,0.11249,0.30871,0.49406,0.8171,1.09352,1.70879,1.67222,1.9868,2.63419,2.88043,4.0719,5.52576,6.93976,7.43541,7.89622,10.5401,9.6361,8.76545
lso,Lesotho,,,,,,,0.00112,0.0023,,0.00563,0.00712,0.02019,0.02004,0.06648,0.08042,0.11063,0.07221,0.09798,0.10467,0.22349,0.26392,0.20902,0.22632,0.35365,0.39753,0.38374
ltu,Lithuania,,,,0.06988,0.58071,1.95562,3.82181,7.04583,11.2764,17.3003,18.4495,20.0357,21.9297,24.0272,25.7288,28.2657,27.3378,28.6774,29.8964,28.2319,28.1445,28.2792,28.4989,28.7127,28.44,27.9638
lux,Luxembourg,,,,0.27504,1.30536,3.39746,7.96429,15.0635,20.9214,26.7933,29.2849,31.3376,33.1818,32.7339,31.9618,32.4834,33.5803,34.2911,34.8068,35.9768,36.8853,37.3611,37.2961,38.04,38.327,
lva,Latvia,,,0.01199,0.13835,0.43265,0.85335,2.17064,2.71321,4.94243,15.3836,18.9239,21.2281,20.7298,22.2056,23.4018,24.6397,25.3241,25.4569,26.4893,27.0886,27.2877,26.5859,25.8042,25.9762,25.9892,25.9948
mar,Morocco,,,,,0.00685,0.00917,0.21587,0.82066,1.27345,1.53066,1.56051,1.49701,1.55388,1.80845,2.06726,2.49778,2.90442,3.31584,3.58453,3.89001,4.33206,4.8365,5.74683,6.14618,6.4715,7.02184
mco,Monaco,,,2.46495,8.19182,15.1255,20.186,23.5429,29.4939,34.3139,38.6343,40.8343,41.404,41.6126,46.898,46.8382,47.6655,49.2693,49.9333,49.9356,51.1121,51.5909,53.7301,54.8673,54.9173,55.2285,55.8836
mda,Moldova,,,,0.0057,0.01009,0.01458,0.06002,0.26061,0.55573,1.37109,3.04873,5.06353,7.45475,10.0168,12.0173,13.7695,15.233,16.257,17.2155,18.2975,19.7584,21.5427,23.4269,25.2113,26.3178,27.4209
mdg,Madagascar,,,,,,,,,0.0069,0.01159,0.01667,0.02124,0.0243,0.03002,0.13245,0.15757,0.10028,0.09319,0.10109,0.09356,0.09897,0.10631,0.11052,0.10418,0.10749,0.12449
mdv,Maldives,,,,,0.06515,0.16965,0.23788,1.06387,1.99904,3.20668,4.56882,4.41605,4.31079,4.72016,4.6686,5.08686,4.79719,5.41277,6.61143,7.97186,10.018,10.9013,12.6833,14.8246,17.3997,18.7278
mex,Mexico,,,0.01521,0.04995,0.22796,0.41598,1.01278,1.81677,2.81575,4.14107,6.82463,8.60821,9.31394,10.0362,11.1946,10.7719,10.88,12.1892,13.0256,13.7767,14.7374,15.3885,17.7521,19.2797,20.2861,20.0882
mhl,Marshall Islands,,,,,,,,,,,,,,,,2.53349,2.75524,2.04918,2.09604,2.1492,2.20824,2.27237,2.34159,2.27718,2.35048,
mkd,North Macedonia,,,,,,,,0.59508,1.74633,4.82749,8.74102,11.2969,12.6123,13.7992,15.4034,16.8127,17.7239,18.4017,19.4534,20.4183,22.2929,23.9403,25.4041,26.9449,28.0036,29.1772
mli,Mali,,,,,,,,,0.02205,0.02213,0.03529,0.05341,0.05029,0.0515,0.02548,0.01666,,0.01882,0.11174,0.07773,0.59159,0.67647,1.12281,0.64834,0.77422,
mlt,Malta,,,0.41411,2.27343,4.3591,5.56946,9.16314,12.4381,12.7446,20.1301,23.4406,27.0098,29.7856,30.3037,31.8224,33.3783,34.882,36.6768,37.618,38.7513,39.5893,40.18,41.1094,42.1831,43.445,44.2825
mmr,Myanmar,,,,,,,,0.00051,0.00829,0.01344,0.02065,0.04776,0.04681,0.04431,,,,0.06444,0.17416,0.21499,0.24688,0.92296,1.29925,1.67276,2.09695,2.7983
mne,Montenegro,,,,,,,,1.2089,,2.81853,6.281,9.381,10.2304,10.2281,13.8536,15.117,16.4503,17.893,18.3978,22.1614,25.825,29.2285,30.2953,31.1809,31.8922,32.0155
mng,Mongolia,,,,0.00198,0.0036,0.01983,0.03539,0.07022,0.13541,0.28355,1.23382,1.50364,2.84092,3.42608,3.94086,4.89954,6.77118,6.98959,7.43706,9.18362,9.66655,9.83638,9.34756,11.393,12.9008,14.5529
moz,Mozambique,,,,,,,,,0.01059,0.02991,0.05103,0.0614,0.07532,0.11998,0.12096,0.11517,0.14342,0.16035,0.17046,0.21885,0.24171,0.23415,0.22739,0.20656,0.19778,
mrt,Mauritania,,,,,,,,0.00558,0.03229,0.12932,0.18459,0.20627,0.17131,0.17472,0.18505,0.2017,0.20787,0.24302,0.27262,0.30012,0.30486,0.24207,0.40123,0.4059,0.41523,0.59041
mus,Mauritius,,,,,0.02309,0.09532,0.20515,0.42936,2.20727,2.76735,4.11969,5.69794,7.32216,9.1921,10.9218,12.5796,14.0866,15.2754,16.4576,19.0601,21.3139,23.883,25.1866,25.7029,26.1964,26.9082
mwi,Malawi,,,,,,0.00057,0.0011,0.00315,,0.00688,0.00705,0.00718,0.00732,0.01133,0.00788,0.05431,0.05151,0.03427,0.04951,0.05996,0.0613,0.0597,0.06274,0.06708,0.07241,0.07956
mys,Malaysia,,,,0.017,0.08008,0.44734,0.99973,1.86987,2.84277,3.8343,4.82153,5.52395,7.32069,8.59576,9.847,9.73943,9.97194,9.80956,8.55246,8.30705,8.1918,8.86497,9.91102,10.8922,12.1754,13.0287
nam,Namibia,,,,,,,,0.00681,0.00994,0.01268,0.01563,0.02296,0.4472,0.82047,1.09598,1.58668,1.78242,2.96542,2.63786,2.62397,2.43865,2.60178,2.88695,3.17813,3.29191,3.52007
ner,Niger,,,,,,,0.00058,0.00154,0.00243,0.00326,0.00402,0.00627,0.00906,0.01231,0.02057,0.03456,0.15588,0.13635,0.03726,0.04035,,0.04793,0.0506,,,0.10762
nga,Nigeria,,,,,,,,0.00034,,0.03497,0.04301,0.05058,0.05947,,0.0081,0.00831,0.00847,0.00823,0.05522,0.05535,0.03609,0.03979,0.03052,0.03016,0.04338,0.05128
nic,Nicaragua,,,0.01394,0.03153,0.04503,0.08449,0.09484,0.19719,0.3514,0.50116,0.77488,1.39091,1.27721,1.4623,1.71678,2.20071,1.83646,1.89137,2.84026,3.32673,3.00642,3.35641,4.42253,4.5138,5.00782,5.43031
nld,Netherlands,0.4802,,1.61905,2.88085,7.18911,12.1465,19.5184,24.9002,31.4796,33.3124,34.9757,36.7355,37.7372,38.5614,39.3374,40.0305,40.2288,41.088,41.9814,42.0989,42.5152,42.5293,42.6667,42.9461,43.5643,43.2644
nor,Norway,,,0.51876,1.96162,4.52416,8.73575,14.6277,21.4433,26.704,30.9463,33.083,34.5488,35.2485,36.0526,37.0178,37.6117,38.485,39.5096,40.2403,41.0328,41.5279,42.2722,44.3863,44.9392,45.6645,45.4377
npl,Nepal,,,,,,,,,0.00363,0.0409,0.04446,0.06285,0.22009,0.34465,0.83755,1.12888,0.9056,1.08794,0.80193,1.79644,2.82041,3.62848,4.38436,4.30873,4.83217,
nru,Nauru,,,,,,,,,,,,,9.45932,,,,,,,,,,,,9.95678,
nzl,New Zealand,,,0.12075,0.44368,1.10095,2.06335,4.69391,7.76299,11.2436,20.1981,21.4688,23.7515,25.1163,26.8784,28.8326,29.5475,31.1741,31.4454,32.4618,32.8918,33.6194,34.0228,34.813,35.2628,36.3045,37.8531
omn,Oman,,,,,0.00415,0.0057,0.02732,0.52723,0.77748,0.75935,1.17948,1.43005,1.92528,2.40586,3.23965,4.09822,4.39661,5.46555,6.35484,7.47817,9.17127,10.2442,11.383,11.5853,10.8833,10.8793
pak,Pakistan,,,,,,,,0.00832,0.01481,0.02447,0.0887,0.20148,0.39625,0.57243,0.7304,0.77134,0.93748,0.82525,1.13035,1.03819,0.95287,0.88151,1.03954,1.23144,1.28372,1.35622
pan,Panama,,,,0.25316,0.39098,0.47147,0.51508,0.53024,3.34036,4.37188,5.60439,6.57564,7.11835,7.65785,7.84035,8.03241,7.96652,7.98397,10.6707,10.7635,12.9616,12.6486,13.8347,14.8381,16.3861,18.1341
per,Peru,,0.00029,0.00405,,0.13706,0.34049,0.81721,1.25483,1.71194,1.99861,2.52642,2.8642,3.20602,4.13515,4.88246,5.40887,5.86754,6.56473,6.87076,7.37508,8.09511,7.38779,8.41187,9.05771,9.45024,10.4364
phl,Philippines,,,,0.01228,0.02528,0.06491,0.10302,0.13975,0.29609,0.54477,1.12808,1.82489,,1.82293,2.14284,2.52047,2.79472,2.7537,2.79705,3.14401,3.4609,5.69731,7.08109,8.50898,7.63947,6.53931
plw,Palau,,,,,,,0.37336,0.50457,0.49507,0.52326,0.58393,0.75899,1.2992,2.86536,5.05488,10.2278,6.26588,6.88801,,,,,,,6.99364,7.33345
png,Papua New Guinea,,,,,,,,,,,0.04158,0.06012,0.07991,0.09543,0.11384,0.1361,0.15487,0.17156,0.1897,0.19611,,0.20814,0.21394,0.20973,0.21464,
pol,Poland,,,,0.03137,0.3183,0.51239,2.29479,2.47915,7.64661,10.9783,11.7452,14.7255,15.3785,18.2475,18.008,18.3774,18.9046,18.9868,19.1513,19.9532,20.5314,20.5043,21.9256,22.8166,23.8373,26.114
prt,Portugal,,0.0029,0.24461,0.95917,2.50254,4.80216,7.99867,11.0963,13.5278,14.4788,15.481,18.0766,20.1036,21.2468,22.7408,24.5103,27.4622,30.3,32.6259,34.6016,36.6543,38.3606,40.1215,41.5146,42.937,44.1107
pry,Paraguay,,,0.00294,0.00578,0.0095,0.00939,0.05661,0.10279,0.10899,0.15469,0.22802,1.3654,1.55966,2.0655,2.30883,2.61726,3.04993,3.49296,3.94711,4.57926,4.98959,6.32667,8.51592,10.8119,11.1528,12.8836
pse,Palestine,,,,,,,0.00052,0.20979,0.74544,1.48923,,,,3.7893,4.4215,4.93748,5.32492,6.07091,6.92213,7.58785,7.50601,7.35978,7.43459,8.01283,7.93673,8.37057
qat,Qatar,,,,,0.03206,0.40165,1.41142,3.10259,4.80793,7.25413,7.4409,9.12708,8.5294,9.08921,9.70717,10.6013,10.1638,9.7957,9.76074,9.47867,9.70272,10.1747,10.5632,11.0796,12.6414,11.6411
rou,Romania,,,,0.02737,0.07258,0.90817,0.48715,1.7776,5.18166,9.35378,12.1504,13.6687,14.6854,16.1875,17.5675,18.8919,20.114,21.449,22.4983,24.1489,25.9702,27.0606,29.3141,31.695,33.2116,34.6706
rus,Russia,,,,,0.00754,0.23526,0.46494,1.09891,2.01245,3.40609,6.45288,8.96648,10.9077,12.2427,14.5008,16.4209,17.2161,18.4997,18.8798,21.2764,21.8963,22.4233,23.1557,23.7409,24.6346,25.8239
rwa,Rwanda,,,,,,,0.01302,0.01303,0.01832,0.02663,0.01142,0.02201,0.03821,0.08176,0.05077,0.02507,0.02567,0.18149,0.18224,0.17849,0.06007,0.06954,0.13535,0.23887,0.34995,0.44556
sau,Saudi Arabia,,,,0.08215,0.19419,0.24476,0.34927,0.32976,1.0167,2.78571,4.50062,5.93665,6.80363,7.47523,9.38626,,,21.1362,20.8268,21.6139,22.4661,22.3214,25.4597,33.7974,41.823,43.5732
sdn,Sudan,,,,,,,0.0026,0.00406,0.00645,0.12971,0.13272,,0.03812,0.04823,0.06714,0.06803,0.05322,0.07019,0.06393,0.07152,0.07088,0.07193,0.06151,0.0633,0.06044,
sen,Senegal,,,,,0.01147,0.02223,0.06984,0.16046,0.25153,0.32397,0.39305,0.47595,0.62243,0.71544,0.71794,0.77846,0.73037,0.68943,0.65418,0.72242,0.81573,0.92978,1.05641,1.20966,1.40365,1.97393
sgp,Singapore,0.25865,0.75634,1.70993,3.66846,6.5109,10.0792,13.0657,15.3736,17.8781,20.1457,22.2854,24.8261,26.362,27.1736,27.068,27.7296,27.0067,26.8979,28.5393,26.3326,26.5087,26.5276,26.8623,27.5211,27.551,27.4344
slb,Solomon Islands,,,,,,,0.04214,0.09315,0.13222,0.19994,0.29482,0.38599,0.4732,0.43946,0.37168,0.31667,0.2164,0.22208,0.24744,0.17005,0.20984,0.14352,0.13432,0.13113,0.10703,
sle,Sierra Leone,,,,,,,,,,,,,,,,,,,,,,0.00222,0.00227,0.00227,,
slv,El Salvador,,,,,,0.32676,0.4883,0.70458,1.02434,1.49357,2.04782,2.47022,2.88838,3.38252,3.95978,4.63325,5.17471,5.70859,6.3751,7.26258,7.91447,8.43878,9.39905,9.80538,11.1497,11.6272
smr,San Marino,,,,,,2.15494,3.8152,4.26991,5.11368,5.45436,16.4978,18.099,19.5664,20.3239,29.5874,30.4313,34.6924,34.3382,35.1278,30.5428,31.446,31.977,31.6374,34.7102,35.7876,
som,Somalia,,,,,,,,,,,,,,,0.321,0.46621,0.52476,0.5939,0.64117,0.65699,,0.61132,0.71466,0.689,0.66847,0.72296
srb,Serbia,,,,,,,,0.44796,1.63755,4.4045,6.21193,8.06268,11.7957,13.4423,14.8105,16.4164,16.7418,18.6569,20.6094,21.1493,22.2891,23.4425,25.1835,26.4794,29.3458,31.2695
ssd,South Sudan,,,,,,,,,,,,,0.00002,0.00004,0.00016,0.0009,0.00089,0.00135,0.00139,0.00195,0.00198,0.00192,,0.00184,0.00181,0.00174
stp,Sao Tome and Principe,,,,,,,,,0.07547,0.1815,0.19794,0.24908,0.32178,0.39699,0.41069,0.50635,0.55904,0.65604,0.6996,0.7146,0.74077,0.76948,1.15529,1.54216,2.0247,2.5014
sur,Suriname,,,,,0.01893,0.04265,0.08172,0.21317,0.50591,0.79188,1.07139,1.66842,2.75366,4.16345,5.20197,6.5191,8.06433,9.05924,12.1167,11.9952,12.2059,13.2741,15.069,19.9,20.026,17.5374
svk,Slovak Republic,,,,,0.07592,0.41779,1.46509,3.37639,5.66531,10.1667,11.2414,14.3927,16.2644,17.6561,19.3435,20.4986,21.9975,23.5009,24.6264,25.8591,27.6954,29.1811,31.1925,32.6061,33.9988,33.1726
svn,Slovenia,,,,0.27643,2.84875,2.91053,5.77208,9.84769,13.969,17.1127,21.0013,22.0588,23.013,24.1298,24.8055,25.5111,27.0023,27.6233,28.5889,29.1804,29.6086,30.1395,30.993,31.5503,32.0105,31.8815
swe,Sweden,,,2.80655,6.59845,9.41172,12.2231,15.6775,27.9298,27.41,30.3915,31.4844,31.672,31.984,32.0391,32.283,32.7855,33.8414,35.6778,37.0822,38.3266,38.7413,39.2906,40.368,40.8351,40.6093,40.734
swz,Eswatini,,,,,,,,,,,0.0703,0.13609,0.32906,0.71782,0.30511,0.37168,0.44883,0.52502,0.60896,1.34192,1.87103,2.04369,2.29004,2.55281,2.1853,2.76366
syc,Seychelles,,,,,,,0.39589,1.06199,2.73865,3.81882,3.69218,4.86393,7.15271,9.70069,10.6256,12.1566,11.301,12.5152,12.7799,13.5386,17.1149,22.9273,29.0678,33.5645,29.8314,30.7719
syr,Syria,,,,,,,0.00327,0.01435,0.02657,0.03331,0.05109,0.1577,0.31054,0.5302,1.06396,1.59758,2.47214,3.75431,5.2601,7.40231,6.78669,7.33617,7.35459,7.28563,7.16283,6.86125
tcd,Chad,,,,,,,,,,,,0.0025,0.00269,0.12387,0.14726,0.10729,0.0714,0.0774,0.03391,0.00212,0.00207,0.00041,,,,
tgo,Togo,,,,,,,,,,0.01941,0.03001,0.06358,0.40438,0.49214,0.58435,0.09492,0.16875,0.8622,0.62053,0.62739,0.31671,0.37692,0.60793,0.74933,1.03724,1.22816
tha,Thailand,,,,0.00253,,0.0179,0.25175,0.84144,1.34231,1.92741,3.06537,3.85237,4.74173,5.64434,6.50814,7.43359,7.74748,8.83035,10.1877,11.5345,12.8741,14.1338,16.0218,17.3169,17.5126,15.7473
tjk,Tajikistan,,,,,,0.00015,,,,0.05066,0.04985,0.05874,0.06142,0.06416,0.06738,0.07059,0.0724,0.06941,0.06768,0.06604,,0.06296,0.06154,0.0602,0.06128,
tkm,Turkmenistan,,,,,,,,,,,0.0014,0.00853,0.01299,0.01935,0.0241,0.03031,0.03786,0.45369,0.73437,1.15619,1.71364,2.59674,3.40423,4.08263,5.21711,
tls,Timor-Leste,,,,,,0.00098,0.0014,0.00232,0.00297,0.00498,0.00688,0.04449,0.0461,0.04954,0.05287,0.06041,0.08698,0.0853,,0.26732,0.00549,0.00684,0.00626,0.01015,0.01001,0.00578
ton,Tonga,,,,,0.01059,0.02106,0.31788,0.61038,0.59575,0.73084,0.67371,0.93281,1.02421,1.20852,1.39587,1.58763,1.68841,2.31679,2.84296,2.84749,2.38616,3.50434,4.73019,6.45748,8.17387,
tto,Trinidad and Tobago,,,,,0.01321,0.06603,0.31463,0.79902,1.51711,2.59936,6.22753,9.43087,11.7441,12.3527,14.3474,15.0425,17.4585,19.4881,17.7853,22.6102,23.2707,22.8528,25.4399,24.9299,26.0332,26.8942
tun,Tunisia,,,,,0.00026,0.00257,0.02793,0.17135,0.42377,0.91859,2.15627,3.50106,4.47896,5.13831,4.78951,4.66715,5.03392,5.03389,5.55369,6.88198,8.6185,10.0542,11.1468,12.422,13.9309,14.1436
tur,Turkey,,,,0.01648,0.03163,0.29385,0.84256,2.29306,3.95984,6.71904,8.04469,8.90126,9.67754,10.2289,10.4644,11.6401,11.3619,11.8786,12.8591,14.3529,15.8823,16.6733,19.4384,20.9211,21.823,22.4592
tuv,Tuvalu,,,,,,,0.50937,1.50905,2.48608,2.65174,2.80981,0.95593,2.26116,4.1744,4.1156,4.09054,4.09687,4.10472,4.11711,4.14022,,,,4.41436,4.52362,
tza,Tanzania,,,,,,,,0.00661,0.00744,0.00819,0.01509,0.01592,0.01688,0.06141,0.08723,0.11557,0.16802,0.20376,0.59169,1.37184,1.49944,1.75692,1.86248,1.97842,2.20859,2.49959
uga,Uganda,,,,,,,,0.00304,0.0042,0.00627,0.01571,0.01908,0.04322,0.10647,0.11183,0.11744,0.15166,0.21508,0.23741,,,0.07528,0.07782,0.08388,0.08508,0.0913
ukr,Ukraine,,,,,,,,0.27723,1.11549,1.72465,3.46422,4.14771,6.4549,6.95621,8.03755,8.85843,9.30621,11.6437,12.0343,12.3535,12.8033,16.1591,18.617,18.2678,17.5398,19.675
ury,Uruguay,,,,,,,0.82238,1.47725,3.24006,5.0079,7.40515,9.5914,11.5576,14.214,17.4093,22.033,25.0351,26.7497,27.2743,28.1333,28.7931,29.8013,31.2948,32.5451,33.4866,32.4032
usa,USA,0.25591,0.98656,2.51164,4.50008,6.92533,9.57005,12.7576,17.2991,20.1646,23.7553,25.291,25.9695,27.172,28.117,29.1736,29.9996,30.2709,31.3412,32.1144,32.5703,33.0559,33.8352,35.7157,37.0074,37.4888,38.1475
uzb,Uzbekistan,,,,,,0.01072,0.02118,0.03138,0.03236,0.07084,0.2399,0.3176,0.4157,0.51264,0.7538,1.03048,2.71465,5.81406,8.77864,10.4346,12.7373,10.5554,15.807,21.8944,25.7992,30.2699
vct,St. Vincent and the Grenadines,,,,0.07136,0.95812,1.0129,1.16985,3.24322,5.01544,7.14779,8.43391,10.4128,11.3697,12.1163,12.5221,13.5053,13.6848,15.8564,20.5597,18.2401,23.4575,20.8463,23.8906,27.102,28.9967,30.4936
ven,Venezuela,,,0.01824,0.14666,0.30725,0.45185,0.79804,1.3298,1.97478,3.10247,3.97495,4.92838,5.80665,6.22109,6.89152,7.46662,7.93309,8.47032,8.49644,8.53199,8.73797,8.85037,9.00606,9.24244,9.58036,10.6381
vnm,Vietnam,,,,,0.00137,0.01154,0.06561,0.25901,0.62867,1.54736,2.40556,3.71753,4.19566,4.33851,5.33499,5.68886,6.54511,8.24968,9.67902,11.841,13.5025,15.2329,17.0263,19.5362,21.3681,22.6807
vut,Vanuatu,,,,,,0.00747,0.01118,0.02799,0.044,0.05875,0.08815,0.21484,0.20986,0.13841,0.12456,0.12182,1.75569,1.6148,1.61198,,,2.70151,0.93188,1.03214,1.12635,1.23342
wsm,Samoa,,,,,,,0.01718,0.03476,0.05221,0.06887,0.08416,0.10443,0.10361,,0.55166,0.62441,1.01031,1.0328,1.06585,0.8237,0.8151,0.80656,0.79832,0.79147,0.87754,
yem,Yemen,,,,,,,,0.00657,0.01181,0.04523,0.10354,0.20827,0.31397,0.39517,0.58839,0.87606,1.12485,1.26768,0.86025,1.11512,1.13343,1.08797,1.08206,1.09217,1.27124,
zaf,South Africa,,,,,0.00556,0.04188,0.12247,0.33399,0.67025,0.74809,0.83342,0.92985,1.41945,1.71148,2.05866,2.954,3.06919,2.48459,2.00974,1.94879,1.88868,2.09834,2.15159,2.75541,3.12297,3.40566
zmb,Zambia,,,0.00021,0.0003,0.00045,0.00083,0.0022,0.00213,0.01928,0.03183,0.0438,0.07933,0.07352,0.1137,0.10057,0.08732,0.1291,0.14263,0.18791,0.2059,0.40186,0.48013,0.4319,0.41111,0.42895,0.68139
zwe,Zimbabwe,,,,0.00644,0.02355,0.05221,0.07251,0.08159,0.08072,0.11879,0.1389,0.3586,0.24707,0.25008,0.52038,0.74153,1.07152,1.13888,1.1701,1.26454,1.3506,1.33861,1.31038,1.29981,1.6215,1.57458
